rank,resname2,dist,median_ddg
1,TYR32,3.75,-1.68
3,TRP298,3.49,-1.38
5,PHE11,3.62,-1.29
7,LEU33,3.87,-1.18
8,TYR85,3.28,-1.15
9,LEU19,3.32,-1.1
10,ILE23,3.88,-1.0
11,LEU100,3.71,-1.0
14,PHE103,3.44,-0.91
15,LEU92,3.72,-0.89
16,PRO95,3.43,-0.89
17,LYS302,2.21,-0.87
19,LEU47,4.05,-0.84
30,GLY94,4.16,-0.68
33,VAL20,2.62,-0.64
36,LEU93,2.63,-0.59
38,ILE146,3.29,-0.58
39,LYS22,2.84,-0.53
41,GLN303,3.15,-0.5
47,THR299,4.19,-0.44
48,ASP99,3.76,-0.43
49,LYS83,3.7,-0.43
62,GLY147,4.62,-0.14
66,CYS150,3.19,0.05
67,ALA306,4.05,0.17
